,Module 1,Module 2,Module 3,Module 4
Mic,0.7316021542520071,0.5505877882396925,,
Ast,0.6206733052081549,0.5003060749971887,,
Ex,0.16808688385842252,0.44444484021735253,0.3612868806850667,0.24330700777588327
Oli,0.3227630954752744,0.5101273399636784,0.4215328120631667,
In,0.2291050860129778,0.5032474712067642,0.45545856660760015,
Opc,0.49805651486517916,0.7310292368228292,,
